{
  "MRR": 0.5184243287958459,
  "Recall@5": 0.030357103254883312,
  "nDCG@5": 0.2506580030946327,
  "BLEU-4": 0.1362658642692842,
  "Exact Match": 0.0,
  "Top-5 Hit Rate": 0.0,
  "mode": "graph_only"
}