{
  "MRR": 0.4614817271938014,
  "Recall@5": 0.02809087421958614,
  "nDCG@5": 0.2206463487315021,
  "BLEU-4": 0.147907966397705,
  "Exact Match": 0.0,
  "Top-5 Hit Rate": 0.0,
  "mode": "dual"
}