{
  "MRR": 0.5227171464013569,
  "Recall@5": 0.03441357150073554,
  "nDCG@5": 0.2693474868034281,
  "BLEU-4": 0.17186443379038455,
  "Exact Match": 0.0,
  "Top-5 Hit Rate": 0.0,
  "mode": "token_only"
}